3	branches/GNU	2	trunk
6	tags/V1	5	branches/GNU
97	tags/Release0_4-rel	96	trunk
98	tags/development-root	96	trunk
99	branches/development-branch	96	trunk
289	tags/old_midihandler-rel	288	branches/development-branch
465	tags/before-devel-to-public-replacement-rel	464	branches/development-branch
468	tags/after-devel-to-public-replacement-rel	467	trunk
521	tags/audiomanager_singleton_to_current_rename-rel	520	branches/development-branch
531	tags/before-sync-devel-freeze-rel	530	trunk
532	tags/before-sync-maintrunk-freeze-rel	530	trunk
576	tags/release-0_4-rel	575	trunk
597	tags/removed-synthesis-zero-padding-rel	596	trunk
606	tags/pre-DT-Inheritance-tag-rel	605	branches/development-branch
609	branches/experimental-visualization-branch	608	branches/development-branch
665	branches/SMSTransformations-branch	664	branches/development-branch
673	tags/DT-Inheritance-root	672	branches/development-branch
715	tags/DT-Inheritance-merge1-rel	714	branches/development-branch
724	branches/DT-Inheritance-branch	672	branches/development-branch
735	tags/before-devel-to-main-merge-2-rel	734	branches/development-branch
751	tags/before-devel-to-main-merge-3-rel	750	branches/development-branch
771	tags/before-devel-to-main-merge-linux-build-rel	770	branches/development-branch
798	tags/before-devel-to-public-merge-4-rel	797	branches/development-branch
802	tags/merge_exp_vis_050203	801	trunk
815	tags/before-devel-to-main-merge-rel	814	branches/development-branch
817	tags/after-latest-merge-from-devel-rel	816	trunk
923	tags/before-VP-merge-to-public-rel	922	branches/development-branch
928	tags/CLAM-0_4_1-rel	927	trunk
1079	tags/CLAM-devel-0_4_2-pre-rel	1078	branches/development-branch
1080	branches/CLAM-test-example-branch	1078	branches/development-branch
1266	tags/CLAM-devel-0_4_2-pre3-rel	1265	branches/development-branch
#1276	branches/experimental-visualization-branch	1275	trunk	not the creation branch
1281	tags/CLAM-0_4_2-rel	1280	trunk
1330	tags/merge_to_exp_vis_07032003-rel	1329	branches/development-branch
1365	tags/sync-w-devel-110303-rel	1364	branches/experimental-visualization-branch
1416	tags/sync-w-devel-120303-rel	1415	branches/experimental-visualization-branch
1437	tags/test-example-end	1436	branches/CLAM-test-example-branch
1612	branches/SMS-Streaming-branch	1611	branches/development-branch
1613	tags/SMS-Streaming-root	1611	branches/development-branch
1720	branches/amora-PFC-branch	1719	branches/development-branch
1721	tags/amora-PFC-root	1719	branches/development-branch
1814	tags/before-SMSStreaming-merge-rel	1813	branches/development-branch
2516	tags/CLAM-devel-0_5_0-pre1-rel	2515	branches/development-branch
2549	tags/CLAM-devel-0_5_0-pre2-rel	2548	branches/development-branch
2621	tags/CLAM-post-Albert-Merge-from-Draft-rel	2620	branches/development-branch
2643	tags/CLAM-devel-0_5_0-pre3-rel	2642	branches/development-branch
2645	tags/CLAM-0_5_0-rel	2644	trunk
2673	tags/CLAM-devel-0_5_1-pre1-rel	2672	branches/development-branch
2853	tags/CLAM-devel-0_5_1-pre2-rel	2852	branches/development-branch
2891	tags/CLAM-Devel-0_5_1-pre3-rel	2890	branches/development-branch
2901	tags/CLAM-devel-0_5_1-pre3-rel	2900	branches/development-branch
2903	tags/CLAM-0_5_1-rel	2902	trunk
2964	tags/SMSTools2-0-0-1-post-rel	2963	branches/development-branch
3028	tags/CLAM-devel-0_5_2-pre1-rel	3027	branches/development-branch
3048	tags/CLAM-devel-0_5_2-pre2-rel	3047	branches/development-branch
3054	tags/CLAM-0_5_2-rel	3053	trunk
3057	tags/SMSTools2-0-1-2-rel	3056	branches/development-branch
3237	tags/CLAM-devel-0_5_3-pre-rel	3236	branches/development-branch
3242	branches/DT-Inheritance-branch	3241	trunk
3268	tags/CLAM-0_5_3-rel	3267	trunk
3334	branches/xerces2-porting-branch	3333	branches/development-branch
3335	tags/xerces2-porting-root	3333	branches/development-branch
3393	tags/CLAM-devel-0_5_4-pre0-rel	3392	branches/development-branch
3423	tags/CLAM-devel-0_5_4-pre-rel	3422	branches/development-branch
3425	tags/CLAM-0_5_4-rel	3424	trunk
3553	tags/CLAM-devel-0_5_5-pre1-rel	3552	branches/development-branch
3562	tags/CLAM-devel-0_5_5-pre2-rel	3561	branches/development-branch
3564	tags/CLAM-0_5_5-rel	3563	trunk
3615	tags/devel-libsndfile-pre-branch-rel	3614	branches/development-branch
3616	tags/test-tag-rel	3614	branches/development-branch
3624	branches/devel-libsndfile-branch	3614	branches/development-branch
3628	tags/devel-libsndfile-root	3627	branches/development-branch
3724	tags/pre-xercesc23-merge-rel	3723	branches/development-branch
3863	tags/devel-libsndfile-tip-rel	3862	branches/devel-libsndfile-branch
3888	tags/devel-libsndfile-sync-120104-rel	3887	branches/development-branch
3891	tags/tag_to_remove-rel	3890	branches/development-branch
3900	tags/CLAM-0_5_6-pre-rel	3899	branches/development-branch
3901	tags/CLAM-0_5_6-rel	3899	branches/development-branch
3902	tags/CLAM-devel-0_5_6-pre1-rel	3899	branches/development-branch
3993	tags/CLAM-devel-0_5_7-pre1-rel	3992	branches/development-branch
4007	tags/CLAM-0_5_7-pre1-rel	4006	trunk
4008	branches/devel-libsndfile-branch	4006	trunk
4011	tags/CLAM-devel-0_5_7-pre2-rel	4010	branches/development-branch
4012	tags/CLAM-devel-0_5_7-rel	4010	branches/development-branch
4014	tags/CLAM-0_5_7-pre2-rel	4013	trunk
4015	tags/CLAM-0_5_7-rel	4013	trunk
4119	tags/libsndfile-merge-from-devel-branch-rel	4118	branches/devel-libsndfile-branch
4122	tags/devel-merge-onto-libsndfile-branch-rel	4121	branches/development-branch
4127	tags/devel-merge-from-libsndfile-branch-rel	4126	branches/development-branch
4146	tags/libsndfile-merge-onto-devel-branch-rel	4145	branches/devel-libsndfile-branch
4299	tags/CLAM-devel-0_6_0-pre1-rel	4298	branches/development-branch
4300	tags/CLAM-devel-0_6_0-rel	4298	branches/development-branch
4303	tags/CLAM-0_6_0-pre1-rel	4302	trunk
4304	tags/CLAM-0_6_0-rel	4302	trunk
4457	branches/CLAM-NewPorts-branch	4456	branches/development-branch
4458	branches/CLAM-NewPorts-root	4456	branches/development-branch
4459	tags/CLAM-devel-beforeNewPorts-root	4456	branches/development-branch
4639	tags/working-cuidado-examples-rel	4638	branches/development-branch
4740	tags/CLAM-devel-0_6_1-pre1-rel	4739	branches/development-branch
4747	tags/CLAM-devel-0_6_1-pre2-rel	4746	branches/development-branch
4756	tags/CLAM-devel-0_6_1-pre3-rel	4754	branches/development-branch
4758	tags/CLAM-0_6_1-pre1-rel	4757	trunk
4760	tags/CLAM-0_6_1-pre2-rel	4759	trunk
4762	tags/CLAM-devel-0_6_1-pre4-rel	4761	branches/development-branch
4764	tags/CLAM-0_6_1-pre3-rel	4763	trunk
4766	tags/CLAM-devel-0_6_1-pre5-rel	4765	branches/development-branch
4767	tags/CLAM-devel-0_6_1-rel	4765	branches/development-branch
4769	tags/CLAM-0_6_1-pre4-rel	4768	trunk
4977	tags/CLAM-pre-merge-ports-rel	4976	branches/development-branch
4980	tags/CLAM-merge-from-ports-to-devel-rel	4979	branches/CLAM-NewPorts-branch
5208	tags/CLAM-0_6_1-rel	5207	trunk
5272	branches/imosquera	5271	trunk
5275	tags/release_0_1	5274	branches/imosquera
5279	branches/binary-experiments-branch	5278	trunk
5280	tags/binary-experiments-pre-branch	5278	trunk
5753	tags/CLAM-0_7_0-pre1-rel	5752	branches/development-branch
5764	tags/CLAM-0_7_0-pre2-rel	5763	branches/development-branch
5781	tags/CLAM-0_7_0-pre3-rel	5780	branches/development-branch
5782	tags/CLAM-stable-rel	5780	branches/development-branch
5785	tags/CLAM-0_7_0-rel	5784	trunk
5803	tags/CLAM-devel-post-0_7_0-merge-rel	5802	branches/development-branch
5805	tags/CLAM-post-0_7_0-merge-rel	5804	trunk
5832	tags/before-license-insert-rel	5831	trunk
5888	tags/before-transformations-refactoring-rel	5887	trunk
6178	branches/sroig-branch	6177	trunk
6179	tags/sroig-root	6177	trunk
6180	branches/sroig2-branch	6177	trunk
6181	tags/sroig2-root	6177	trunk
6198	tags/sroig2-merged-rel	6197	branches/sroig2-branch
6448	tags/CLAM-0_8_0-pre1-rel	6447	trunk
6449	tags/CLAM-0_8_0-pre2-rel	6447	trunk
6964	tags/v0_3-rel	6963	trunk	CLAM_SMSTools
7000	tags/v0_2-rel	6999	trunk	CLAM_NetworkEditor	CLAM_Voice2MIDIr	CLAM_SMSTools <- likely by error
7011	tags/CLAM-0_8_0-rel	7010	trunk
7012	tags/stable-rel	7010	trunk
7013	tags/v0_1-rel	7010	trunk	CLAM_Annotator
7076	branches/CLAM-with-new-header-style-branch	7075	trunk
7077	tags/CLAM-with-new-header-style-root	7075	trunk
8143	branches/srcdeps-build-system-branch	8142	trunk
8144	tags/srcdeps-build-system-root	8142	trunk
8204	tags/v0_4_0-rel	8203	trunk	CLAM_SMSTools
8292	tags/v0_2_0-rel	8291	trunk	CLAM_Annotator
8306	branches/v0_2-maintenance-branch	8305	trunk	CLAM_Annotator
8307	tags/v0_2-maintenance-root	8305	trunk	CLAM_Annotator
8316	tags/CLAM-0_90_0-rel	8315	trunk
8317	tags/v0_3_0-rel	8315	trunk	CLAM_NetworkEditor
8360	tags/v0_2-lastmerge	8359	branches/v0_2-maintenance-branch	CLAM_Annotator
8364	tags/v0_2-lastmerge-rel	8363	branches/v0_2-maintenance-branch	CLAM_Annotator
8894	tags/tests-passed-on-linux-rel	8893	trunk
8917	tags/before-new-contest-transformations-rel	8916	trunk
9020	tags/v0_3_1-rel	9019	trunk	CLAM_NetworkEditor
9021	tags/v0_4_1-rel	9019	trunk	CLAM_SMSTools
9024	tags/CLAM-0_91_0-rel	9023	trunk
9059	tags/tests-passed-on-linux-candidate-rel	9058	trunk
9316	tags/v0_3_2-rel	9315	trunk	CLAM_NetworkEditor	CLAM_Annotator
